{
  "hash": "aa3edfd7",
  "configHash": "0d8c7761",
  "lockfileHash": "a09ce99d",
  "browserHash": "ec5abc21",
  "optimized": {
    "@angular/core": {
      "src": "../../../../../../node_modules/@angular/core/fesm2022/core.mjs",
      "file": "@angular_core.js",
      "fileHash": "b985ef34",
      "needsInterop": false
    },
    "@angular/platform-browser": {
      "src": "../../../../../../node_modules/@angular/platform-browser/fesm2022/platform-browser.mjs",
      "file": "@angular_platform-browser.js",
      "fileHash": "2515d6c4",
      "needsInterop": false
    },
    "@angular/router": {
      "src": "../../../../../../node_modules/@angular/router/fesm2022/router.mjs",
      "file": "@angular_router.js",
      "fileHash": "5dfd3b0c",
      "needsInterop": false
    },
    "@angular/forms": {
      "src": "../../../../../../node_modules/@angular/forms/fesm2022/forms.mjs",
      "file": "@angular_forms.js",
      "fileHash": "22c7f5a9",
      "needsInterop": false
    },
    "@angular/common": {
      "src": "../../../../../../node_modules/@angular/common/fesm2022/common.mjs",
      "file": "@angular_common.js",
      "fileHash": "8cb9c229",
      "needsInterop": false
    },
    "@angular/common/http": {
      "src": "../../../../../../node_modules/@angular/common/fesm2022/http.mjs",
      "file": "@angular_common_http.js",
      "fileHash": "85fe92b6",
      "needsInterop": false
    },
    "rxjs": {
      "src": "../../../../../../node_modules/rxjs/dist/esm5/index.js",
      "file": "rxjs.js",
      "fileHash": "3a05882d",
      "needsInterop": false
    }
  },
  "chunks": {
    "chunk-SRLFHSEL": {
      "file": "chunk-SRLFHSEL.js"
    },
    "chunk-AB2IXZW4": {
      "file": "chunk-AB2IXZW4.js"
    },
    "chunk-TNDQCT4Z": {
      "file": "chunk-TNDQCT4Z.js"
    },
    "chunk-KHI2B5NF": {
      "file": "chunk-KHI2B5NF.js"
    },
    "chunk-5TID76VL": {
      "file": "chunk-5TID76VL.js"
    }
  }
}